{"cameraMode":{"drawMode":0,"name":"Shaded","section":"Shading Mode"},"sceneLighting":true,"audioPlay":false,"sceneViewState":{"showFog":true,"showMaterialUpdate":true,"showSkybox":true,"showFlares":true,"showImageEffects":true,"showParticleSystems":true},"in2DMode":false,"pivot":{"x":-2.3884668350219728,"y":-2.3421576023101808,"z":6.288559913635254},"rotation":{"x":-0.27767494320869448,"y":0.4451692998409271,"z":-0.1474304050207138,"w":-0.8384444713592529},"size":3.7653872966766359,"orthographic":false}