{"cameraMode":{"drawMode":0,"name":"Shaded","section":"Shading Mode"},"sceneLighting":true,"audioPlay":false,"sceneViewState":{"showFog":true,"showMaterialUpdate":true,"showSkybox":true,"showFlares":true,"showImageEffects":true,"showParticleSystems":true},"in2DMode":false,"pivot":{"x":-5.296764850616455,"y":-2.7998833656311037,"z":5.967465400695801},"rotation":{"x":-0.3103313446044922,"y":0.4763467609882355,"z":-0.18437936902046204,"w":-0.801745593547821},"size":5.713128089904785,"orthographic":false}