{"cameraMode":{"drawMode":0,"name":"Shaded","section":"Shading Mode"},"sceneLighting":true,"audioPlay":false,"sceneViewState":{"showFog":true,"showMaterialUpdate":true,"showSkybox":true,"showFlares":true,"showImageEffects":true,"showParticleSystems":true},"in2DMode":false,"pivot":{"x":-5.418711185455322,"y":-3.578629970550537,"z":9.036714553833008},"rotation":{"x":-0.25875625014305117,"y":0.38768357038497927,"z":-0.11434400826692581,"w":-0.8773120045661926},"size":8.020567893981934,"orthographic":false}