{"cameraMode":{"drawMode":0,"name":"Shaded","section":"Shading Mode"},"sceneLighting":true,"audioPlay":false,"sceneViewState":{"showFog":true,"showMaterialUpdate":true,"showSkybox":true,"showFlares":true,"showImageEffects":true,"showParticleSystems":true},"in2DMode":false,"pivot":{"x":-4.665224075317383,"y":-4.617193698883057,"z":5.80081844329834},"rotation":{"x":-0.2824377119541168,"y":0.45879775285720827,"z":-0.15653987228870393,"w":-0.8277876377105713},"size":7.075897216796875,"orthographic":false}